feature,coefficient,abs_coefficient
intercept,282.277413139672,282.277413139672
verified_numeric,-0.560574031817209,0.560574031817209
rating,-0.29642502527445136,0.29642502527445136
review_year,-0.1404727454504708,0.1404727454504708
review_length,0.0007307625352111398,0.0007307625352111398
price,-2.6444820240967042e-05,2.6444820240967042e-05
